Article_Category ,Article_Title, Date_Published
sport,"Isolated, training in masks: COVID-19 hits China's Olympic hopes",20 Feb 2020 12:20PM
sport,"Football: RB Leipzig beat Tottenham in Champions League last 16, first leg",20 Feb 2020 06:17AM
sport,Football: Atalanta thrash Valencia to close in on Champions League quarter-finals,20 Feb 2020 06:26AM
sport,Football: De Bruyne lifts Man City spirits after Euro ban,20 Feb 2020 06:02AM
sport,"Football: Man City could be in next year's Champions League if ban frozen",20 Feb 2020 12:31AM
sport,"Football: Guardiola takes swipe at Barca over Man City's Euro ban",20 Feb 2020 08:26AM
sport,"Football: Guardiola says he will '100 per cent' stay at Man City despite Euro ban",20 Feb 2020 03:49AM
sport,"Football: Messi sees 'strange' things at Barcelona after social media row",20 Feb 2020 05:59AM
sport,"Biathlon: Frenchman Fourcade equals Bjorndalen's world titles record",20 Feb 2020 12:11AM
sport,Tennis: Halep downs battling Jabeur on fourth match point in Dubai,20 Feb 2020 04:43AM
sport,"Tennis: Pliskova, Muguruza reach Dubai Championship quarter-finals",19 Feb 2020 11:49PM
sport,Football: Former Villa defender Hutton retires,20 Feb 2020 01:12AM
sport,McIlroy says no to Premier Golf League,20 Feb 2020 04:16AM
sport,Athletics: Duplantis falls short of third pole vault world record in 12 days,20 Feb 2020 05:56AM
sport,Formula 1: Same again as world champion Hamilton sets test pace,20 Feb 2020 02:37AM
sport,Football: Fingers pointed at Tuchel as Neymar and PSG face fight to avoid new European fiasco,19 Feb 2020 11:00PM
sport,"Football: 'Business as usual' as Man City seek quick decision on appeal",19 Feb 2020 11:02PM
sport,Football: Pavoletti out for six more months after re-injuring knee at restaurant,19 Feb 2020 08:56PM
sport,Cycling: Injured Glaetzer to miss world championships in Berlin,20 Feb 2020 01:31PM
sport,Paralympics: Boccia test event postponed due to coronavirus,20 Feb 2020 01:25PM
sport,"NZ's Williamson wants last look at pitch before naming side",20 Feb 2020 11:10AM
sport,"Japan's deadly fish: Fugu purveyors dream of Olympic revival",20 Feb 2020 08:46AM
sport,"Wilder, Fury engage in war of words ahead of rematch",20 Feb 2020 07:45AM
sport,"'Don't talk too loud' - Guardiola fires back at Barca chief",20 Feb 2020 07:25AM
sport,Man City see off West Ham as fans take aim at UEFA,20 Feb 2020 07:20AM
sport,Werner penalty gives Leipzig 1-0 win at Tottenham,20 Feb 2020 06:16AM
sport,"McIlroy eyes completion of 'WGC Slam' in Mexico",20 Feb 2020 05:46AM
sport,Newman released from hospital following Daytona 500 crash,20 Feb 2020 04:21AM
sport,Top seed Halep survives Jabeur scare to advance in Dubai,20 Feb 2020 02:40AM
sport,"England's Tuilagi fit for Ireland clash, says Jones",20 Feb 2020 01:40AM
sport,McIlroy rules out playing in Premier Golf League,20 Feb 2020 01:31AM
sport,Trump considering Tokyo Olympics trip,20 Feb 2020 12:12AM
sport,Italy desperate to end barren Six Nations run,19 Feb 2020 11:30PM
sport,"Spain's top-flight women players secure collective wage deal",19 Feb 2020 11:01PM
sport,Rugby: Jones dropped as Townsend makes changes for Italy clash,19 Feb 2020 10:59PM
sport,"New Williams an improvement on 'scary' 2019 car, says Russell",19 Feb 2020 10:05PM
sport,Winless Scotland make three changes for Six Nations trip to Italy,19 Feb 2020 10:01PM
sport,"Wales to face world champion Boks, New Zealand in November",19 Feb 2020 10:01PM
sport,Ireland name unchanged team for England Six Nations clash,19 Feb 2020 09:55PM
sport,Smith happy to be back in South Africa for first time since Sandpapergate,19 Feb 2020 09:25PM
sport,"City CEO says allegations untrue and 'about politics'",19 Feb 2020 09:21PM
singapore,Income inequality in Singapore at lowest in almost two decades,20 Feb 2020 01:56PM
business,COVID-19 relief measures appropriate for now but Government will do more if necessary: DPM Heng,20 Feb 2020 08:56AM
business,10 things you need to know about Budget 2020,18 Feb 2020 05:31PM
business,"Budget 2020: S$4 billion support package for workers, firms amid COVID-19 outbreak",18 Feb 2020 03:20PM
budget-2020-s-1-6-billion-care-and-support-package-to-help-12446394,Budget 2020: S$1.6 billion Care and Support Package to help Singaporeans with household expenses,18 Feb 2020 04:37PM
business,"Businesses welcome S$4 billion package as timely relief, but some say more help needed",19 Feb 2020 03:30PM
coronavirus-covid-19-package-help-taxi-private-hire-drivers-12431086,"S$77 million package to help taxi, private-hire drivers affected by COVID-19 outbreak",13 Feb 2020 05:30PM
business,Budget 2020: S$8.3 billion package to help businesses grow over next three years,18 Feb 2020 04:02PM
business,"Budget 2020: More support for transformation of workforce, including SkillsFuture top-ups",18 Feb 2020 04:32PM
budget-2020-care-support-package-5-things-to-know-12446486,Budget 2020: 5 things to know about measures to help Singapore households with living costs,18 Feb 2020 06:30PM
budget-2020-additional-incentives-to-encourage-use-of-more-12446342,Budget 2020: Additional incentives to encourage use of more environmentally friendly vehicles,18 Feb 2020 04:53PM
electric-vehicles-ev-budget2020-reaction-singapore-12450184,"Incentives likely to encourage electric vehicle adoption in Singapore, but questions remain, say analysts",19 Feb 2020 09:56PM
business,Embattled Hyflux gets another extension for debt moratorium until Apr 30,20 Feb 2020 12:02PM
business,High Court grants Hyflux one-month extension to its debt moratorium,29 Jan 2020 02:22PM
business,New suitor Longview International and joint venture partner express interest in embattled Hyflux,19 Feb 2020 05:44PM
business,Hyflux confirms S$400m restructuring deal with UAE’s Utico,26 Nov 2019 02:15PM
business,Hyflux independent director resigns due to ‘unresolved differences’ over legal team change,10 Feb 2020 02:20PM
business,Aqua Munda extends debt buyout deadline on back of ‘significant additional concerns’ about Hyflux,03 Feb 2020 06:49PM
business,Manufacturers entangled in logistical nightmare as virus-hit China limps back to work,20 Feb 2020 11:38AM
business,China cuts loan rate as it battles coronavirus impact,20 Feb 2020 12:57PM
china-hubei-coronavirus-covid-19-cases-spreads-sars-12452240,"China reports drop in coronavirus cases, but scientists warn virus may spread easily",20 Feb 2020 07:26AM
coronavirus-covid-19-japan-cruise-ship-diamond-princess-death-12452830,Two passengers of coronavirus-hit cruise ship in Japan die: Reports,20 Feb 2020 11:05AM
business,IMF warns coronavirus hitting a fragile global economy,20 Feb 2020 01:25AM
business,Qantas cuts flights to Asia as COVID-19 hits profits,20 Feb 2020 07:53AM
business,Virus could mean US$5 billion in airline losses: UN agency,14 Feb 2020 01:45PM
business,Coronavirus travel slowdown spreads from China across Asia: Study,13 Feb 2020 05:37PM
business,"Singapore tourism to take 'significant hit' in 2020 due to coronavirus, up to 30% fewer visitors expected",11 Feb 2020 10:31AM
business,Thai retail giant launches record-breaking IPO,20 Feb 2020 01:09PM
business,"Benefits of China trade truce 'limited': Fed",20 Feb 2020 04:25AM
business,Commentary: Don’t waste Budget money. Here’s how to stretch your SkillsFuture dollars,20 Feb 2020 06:18AM
business,Commentary: Why aren’t there more Singaporean CEOs?,01 Dec 2019 06:01AM
business,Commentary: The future just got brighter for aspiring Singapore tech entrepreneurs,17 Feb 2020 06:14AM
business,Commentary: The future is tech but where is Singapore’s engineering and IT talent?,05 Sep 2019 06:38AM
business,Commentary: Do not fear retrenchment. Four tips for working professionals in a downturn,24 Oct 2019 06:26AM
business,Commentary: The generalist-specialist job distinction is holding many back,26 Jul 2019 06:19AM
o-level-results-junior-college-polytechnic-ite-jc-poly-pros-cons-12257612,Commentary: Junior college or polytechnic after O-Levels – does it matter?,13 Jan 2020 03:19PM
education-technology-fourth-industrial-revolution-digital-econom-12309010,Commentary: The rise of the digital economy – and how education may be transformed,05 Feb 2020 06:33AM
singapore,"Incentives likely to encourage electric vehicle adoption in Singapore, but questions remain, say analysts",19 Feb 2020 09:56PM
singapore,Budget 2020: Additional incentives to encourage use of more environmentally friendly vehicles,18 Feb 2020 04:53PM
singapore,What is keeping electric cars from gaining greater acceptance in Singapore?,30 Oct 2019 06:29AM
singapore,Commentary: Where are all the electric vehicle charging points?,14 Apr 2019 06:00AM
business,"World Bank aid 'leakage' may flow to tax havens: Study",20 Feb 2020 08:22AM
business,"Google plans to move UK users' accounts outside EU jurisdiction",20 Feb 2020 10:46AM
business,"China's HNA emerges as recent buyer of A330neo jets amid revamp: Sources",20 Feb 2020 06:26AM
business,Lenovo third-quarter profit jumps 11% as shipments rise,20 Feb 2020 12:16PM
business,"US meeting on Huawei, China policy still on for Thursday despite Trump tweets: Sources",20 Feb 2020 07:50AM
business,"Walmart's struggling Japan unit finally delivers with online grocery growth",20 Feb 2020 01:40PM
business,"Trump offered to pardon Assange if he denied Russia helped leak Democrats' emails - lawyer",20 Feb 2020 10:50AM
business,Irish regulator readies draft decisions in first big tech privacy probes,20 Feb 2020 08:10AM
business,Fresenius Medical says fourth-quarter operating profit up 3per cent,20 Feb 2020 07:45AM
business,"Netflix CEO's new book to shed light on streaming giant's work culture",20 Feb 2020 06:26AM
business,Virgin Galactic looks like newest cult stock as short sellers dig in,20 Feb 2020 04:21AM
business,Exclusive: Google users in UK to lose EU data protection - sources,20 Feb 2020 04:00AM
business,"Fed policymakers cautiously optimistic on US economy despite new risks, minutes show",20 Feb 2020 03:05AM
business,"Should Facebook, Google be liable for user posts? asks US Attorney General Barr",20 Feb 2020 02:55AM
business,"Germany's Scholz expects G20 progress on tax rules for tech giants",20 Feb 2020 02:35AM
business,"Business jet deliveries hit decade high in 2019, helped by new models",20 Feb 2020 02:20AM
business,"This revamp will be different, says HSBC boss; staff not so sure",20 Feb 2020 02:15AM
business,"French prosecutors step up Ghosn probe over palace party, Oman dealings",20 Feb 2020 01:45AM
business,"Key Pentagon official to resign at Trump's request amid Huawei trade spat",20 Feb 2020 01:26AM
business,"Airbus defense division plans to cut more than 2,300 jobs",20 Feb 2020 01:26AM
business,Austrian privacy activist Schrems files complaint against Amazon,20 Feb 2020 12:35AM
business,"EU bets on industrial data, new rules to catch up in global tech",19 Feb 2020 10:50PM
business,Regulators need to get up to speed on digital currencies,19 Feb 2020 10:11PM
business,"Boeing, crash victims' lawyers negotiate over access to 737 MAX documents",19 Feb 2020 09:46PM
